title,author,views,link
Female 3 | Full Drama | Mishu | Polash | Chashi | Marzuk | Shimul | Zibon | Ome | New Eid Natok 2023,Bongo,9153580,https://www.youtube.com/watch?v=AZae3EFiMjc
"Tere Vaaste | Zara Hatke Zara Bachke | Vicky Kaushal, Sara Ali Khan, Varun J, Sachin-Jigar,Amitabh B",Saregama Music,142513718,https://www.youtube.com/watch?v=X7WXHhokylc
Lionel Messi and Kylian Mbappe Showing Their Class in 2022,Alsido Football,11579753,https://www.youtube.com/watch?v=VSvnAaMNOpE
‡¶Æ‡¶æ‡¶á‡¶ï‡ßç‡¶∞‡ßã‡¶∏‡ßç‡¶ï‡ßã‡¶™‡ßá- ‡ßß‡ß¶‡ß¶‡ß¶ ‡¶ó‡ßÅ‡¶® ‡¶¨‡¶°‡¶º ‡¶ï‡¶∞‡ßá ‡¶ó‡¶∞‡ßÅ‡¶∞ ‡¶≠‡ßÅ‡¶°‡¶º‡¶ø! gorur vuri| Sabbir Ahmed,Sabbir Ahmed,1430098,https://www.youtube.com/watch?v=Mw1mdbaCIXo
NULL,NULL,NULL,NULL
NULL,NULL,NULL,NULL
NULL,NULL,NULL,NULL
NULL,NULL,NULL,NULL
NULL,NULL,NULL,NULL
NULL,NULL,NULL,NULL
NULL,NULL,NULL,NULL
NULL,NULL,NULL,NULL
NULL,NULL,NULL,NULL
NULL,NULL,NULL,NULL
NULL,NULL,NULL,NULL
NULL,NULL,NULL,NULL
Shitom Ahmed - Chorabali (Lyrics) || ‡¶ï‡ßá‡¶® ‡¶≤‡¶æ‡¶ó‡ßá ‡¶∂‡ßÇ‡¶®‡ßç‡¶Ø ‡¶∂‡ßÇ‡¶®‡ßç‡¶Ø ‡¶¨‡¶≤‡ßã || Lyrical Music By Farzan,Lyrical Music By ùíáùíÇùíìùíõùíÇùíè,2460577,https://www.youtube.com/watch?v=TSttuuXoSdc
Motu Patlu | ‡¶Æ‡ßã‡¶ü‡ßÅ ‡¶™‡¶æ‡¶§‡¶≤‡ßÅ | Future Camera | Episode 13,Colors Bangla,25495755,https://www.youtube.com/watch?v=uKi6Pijf3JQ
Love You Madam | ‡¶≤‡¶æ‡¶≠ ‡¶á‡¶â ‡¶Æ‡ßç‡¶Ø‡¶æ‡¶°‡¶æ‡¶Æ | Full Natok | Niloy Alamgir | Heme | Mohin Khan | Eid Natok | NAF,NAF Entertainment,1481274,https://www.youtube.com/watch?v=CIUpUFz_PMk
O PRIYOTOMA | SHAKIB KHAN | IDHIKA PAUL | BALAM | KONAL | ASIF IQBAL | AKASSH | HIMEL ASHRAF,Tiger Media,12326857,https://www.youtube.com/watch?v=VXDO1LQNx54
,Sultan Entertainment,1396527,https://www.youtube.com/watch?v=eKlDfQ4wLAU
,Club 11 Entertainment,7960302,https://www.youtube.com/watch?v=TWsDvvoGD7I
,Rtv Drama,1823504,https://www.youtube.com/watch?v=qAox9vK5GYo
,Tiger Media,6375530,https://www.youtube.com/watch?v=faTBdFBZTR4
,Sarker Media,5352674,https://www.youtube.com/watch?v=_nUs1uU6r3U
,My Sound,5950694,https://www.youtube.com/watch?v=QRTcf5cTnmg
,Maasranga Drama,1702040,https://www.youtube.com/watch?v=NLp-DpBsFDA
,Channel i Prime,6661148,https://www.youtube.com/watch?v=7yt_sOyJ9Cc
,Bongo,2663414,https://www.youtube.com/watch?v=XbfaYIPB8IA
,Sultan Entertainment,1789747,https://www.youtube.com/watch?v=sAFS6VrHH5Q
Tom & Jerry | A Bit of Fresh Air! | Classic Cartoon Compilation | @WB Kids,WB Kids,215637616,https://www.youtube.com/watch?v=5oH9Nr3bKfw
Sushant KC - Sarangi (Official Music Video),Sushant KC,7401216,https://www.youtube.com/watch?v=Sh8ZYHnb86c
"Mezbani Bhalobasha | ‡¶Æ‡ßá‡¶ú‡¶¨‡¶æ‡¶®‡¶ø ‡¶≠‡¶æ‡¶≤‡ßã‡¶¨‡¶æ‡¶∏‡¶æ | Eid Natok | Niloy, Heme | New Bangla Drama 2023",Rtv Drama,566380,https://www.youtube.com/watch?v=-jqIizSzH48
üî• ‡¶ö‡¶ü‡¶™‡¶ü‡¶ø ‡¶®‡ßá‡¶π‡¶æ‡¶∞‡¶ø ‡¶ï‡¶æ‡¶¨‡¶æ‡¶¨ ‡¶•‡ßá‡¶ï‡ßá ‡¶∂‡ßÅ‡¶∞‡ßÅ ‡¶ï‡¶∞‡ßá ‡¶≤‡¶¨‡¶∏‡ßç‡¶ü‡¶æ‡¶∞ ‡¶∏‡ßç‡¶ü‡ßá‡¶ï ‡¶Ü‡¶∞‡ßã ‡¶Ö‡¶®‡ßá‡¶ï ‡¶ï‡¶ø‡¶õ‡ßÅ - Full Day Food Tour in Faridpur üòç,Petuk Couple,1336701,https://www.youtube.com/watch?v=FJZLCzdl_Pk
Kotha Koiyo Na | Coke Studio Bangla | Season 2 | Shiblu Mredha X Aleya Begum X Emon Chowdhury,Coke Studio Bangla,15025161,https://www.youtube.com/watch?v=a7V9bUwc4cU
Aray Talak | ‡¶Ü‡¶°‡¶º‡¶æ‡¶á ‡¶§‡¶æ‡¶≤‡¶æ‡¶ï | Full Natok | Mosharraf Karim | Tania Bristy | New Eid Natok 2023,Sultan Entertainment,17884,https://www.youtube.com/watch?v=sgub_h1s1nE
‡¶ï‡¶æ‡¶Å‡¶ö‡¶æ ‡¶Æ‡¶∞‡¶ø‡¶ö ‡¶¨‡ßç‡¶Ø‡¶¨‡¶∏‡¶æ‡¶Ø‡¶º‡ßÄ‡¶¶‡ßá‡¶∞ ‡¶Æ‡¶æ‡¶•‡¶æ‡¶Ø‡¶º ‡¶π‡¶æ‡¶§ | DBC News Special,DBC NEWS,21020,https://www.youtube.com/watch?v=keeCirFAK2c
10 DAYS ‡•§ ‡ßß‡ß¶ ‡¶¶‡¶ø‡¶® ‡•§ Samima Sraboni ‡•§ Yamin ‡•§ Kazi Faisal,Samima Sraboni,40871328,https://www.youtube.com/watch?v=cUraBWFuwyU
"‡¶®‡¶æ‡¶á‡¶ü‡¶ï‡ßç‡¶≤‡¶æ‡¶¨‡ßá ‡¶π‡¶Ø‡¶º‡¶∞‡¶æ‡¶®‡¶ø‡¶∞ ‡¶∂‡¶ø‡¶ï‡¶æ‡¶∞ ‡¶®‡¶æ‡¶∞‡ßÄ ‡¶´‡ßÅ‡¶ü‡¶¨‡¶≤‡¶æ‡¶∞, ‡¶â‡¶¶‡ßç‡¶ß‡¶æ‡¶∞ ‡¶ï‡¶∞‡¶≤‡ßã ‡¶∞‡¶æ‡¶∂‡¶´‡ßã‡¶∞‡ßç‡¶° | Marcus Rashford | Alisha Lehmann",Jamuna Sports,312619,https://www.youtube.com/watch?v=hPHUHpLtYlo
"Aao sunao pyaar ki eak kahani ‚ù§Ô∏è| 90s old hit song‚ù§Ô∏è| Hrithik Roshan üíî| sonu nigam, shreya ghosal |üíî",Love songs,152042,https://www.youtube.com/watch?v=_QD6v4e99FU
"Naiyo Lagda - Kisi Ka Bhai Kisi Ki Jaan | Salman Khan & Pooja Hegde | Himesh R, Kamaal K, Palak M",Zee Music Company,163063427,https://www.youtube.com/watch?v=lzEop75AeOk
Bullets HITTING Bullets in Slow Motion - THE IMPOSSIBLE SHOT - Smarter Every Day 287,SmarterEveryDay,14119629,https://www.youtube.com/watch?v=tcQVrD7RnNI
‡¶™‡ßç‡¶∞‡¶æ‡¶ï‡ßÉ‡¶§‡¶ø‡¶ï ‡¶∏‡ßå‡¶®‡ßç‡¶¶‡¶∞‡ßç‡¶Ø‡ßá ‡¶Æ‡ßÅ‡¶ó‡ßç‡¶ß‡¶ï‡¶∞ ‡¶∏‡ßÅ‡¶á‡¶ú‡¶æ‡¶∞‡¶≤‡ßç‡¶Ø‡¶æ‡¶®‡ßç‡¶°‡ßá‡¶∞ ‡¶ó‡ßç‡¶∞‡¶æ‡¶Æ II Switzerland village with natural beauty‚ù§Ô∏è,Akher&Elena,204301,https://www.youtube.com/watch?v=ZMDAQR_8nwY
Manush Boroi Sarthopor,Sukumar Baul - Topic,9089308,https://www.youtube.com/watch?v=e2hCvC2rYcg
‡¶ö‡ßÅ‡¶∞‡¶ø‡¶∞ ‡¶§‡¶¶‡¶®‡ßç‡¶§ | Gopal Bhar | Episode - 814,Sony AATH,1864504,https://www.youtube.com/watch?v=MofoZdDViF8
"TOP-5 Best Smartphone Around 20K Tk ‡•§ Best Display, Gaming & Camera üì∏",SamZone,143408,https://www.youtube.com/watch?v=FYsjRYXaWWg
